{
    "1": {
        "clean_no_defense": 1.0,
        "clean_with_defense": 1.0,
        "robust_aa": 0.0,
        "robust_bpda_eot": 0.0,
        "aa_time_sec": 2.1298656463623047,
        "bpda_time_sec": 0.6403810977935791
    }
}