{"50": {"clean_no_defense": 0.921875, "clean_with_defense": 0.875, "robust_aa": 0.8125, "robust_bpda_eot": 0.546875, "aa_time_sec": 7304.208867549896, "bpda_time_sec": 1119.6992344856262}}