{
  "50": {
    "clean_no_defense": 0.921875,
    "clean_with_defense": 0.875,
    "robust_aa": 0.75,
    "robust_bpda_eot": 0.578091,
    "aa_time_sec": 6836.9971713066101,
    "bpda_time_sec": 997.9283692550659
  }
}
