{
    "1": {
        "clean_no_defense": 1.0,
        "clean_with_defense": 1.0,
        "robust_aa": 1.0,
        "robust_bpda_eot": 1.0,
        "aa_time_sec": 18.13774085044861,
        "bpda_time_sec": 8.21061086654663
    }
}